CONTAINER_NUMBER,DESCRIPTION
OOCU4974982,Holiday decorations
OOCU7385836,Dairy products
OOCU8154981,Camping gear
CSNU7583471,Fresh produce
OOCU8371122,Medical supplies
NYKU4388932,Dairy products
OOCU6804711,Medical supplies
NYKU4314992,Wine
BEAU5285217,Industrial equipment
BEAU5301848,Camping gear
CCLU6967860,Sports equipment
CCLU7784919,Toys
EITU1301548,Camping gear
EITU1395212,Clothing
CSNU7699564,Food products
NYKU9741929,Industrial equipment
CCLU6860017,Leather goods
CSNU7524870,Refrigerated goods
FDCU0060910,Holiday decorations
FDCU0605218,Gardening tools
NYKU5931670,Auto parts
EGHU9800943,Industrial equipment
ONEU0170451,Electronics
OOCU8046570,Industrial equipment
OOCU7052521,Chemicals
OOCU7797807,Wine
OOCU7336615,Holiday decorations
OOCU8462069,Empty
OOCU7687800,Camping gear
CSNU8026980,Wine
EGHU9080191,Beauty products
OOCU7505119,Bulk grains
CSNU6053902,Automotive parts
NYKU5138584,Wine
OOCU8242568,Solar equipment
OOCU8476205,Beauty products
OOCU7905141,Construction materials
CSNU7631733,Fresh produce
OOCU7821689,Auto parts
OOCU7420752,Frozen seafood
OOCU8024252,Electronics
OOCU7792111,Auto parts
OOCU7280373,Auto parts
OOCU8187368,Bulk grains
CCLU4563489,Bulk grains
OOCU7104712,Textile materials
EITU9210660,Refrigerated goods
BSIU9604800,Construction materials
FDCU0598720,Machinery
CSNU6405161,Books
CBHU7047634,Dairy products
ONEU0295675,Empty
OOCU7212907,Sports equipment
OOCU7795954,Chemicals
OOCU8195698,Pet supplies
OOCU8370872,Bulk grains
CSNU6056706,Frozen seafood
EITU9021733,Solar panels
ONEU0183567,Fresh produce
CBHU9576555,Refrigerated goods
OOCU8090249,Bulk grains
CCLU7158962,Art supplies
CSNU6949859,Dairy products
CSNU7275186,Pet supplies
CBHU8600873,Clothing
OOCU8284795,Construction materials
NYKU4845854,Dairy products
CSNU7781230,Office supplies
CCLU6800888,Chemicals
OOCU8428125,Holiday decorations
CCLU7698214,Industrial equipment
CCLU7971226,Footwear
CBHU9140561,Wine
CCLU7036877,Industrial equipment
CSNU6111296,Machinery
CSNU6672928,Medical equipment
EGHU9108318,Automotive parts
CSNU7005391,Industrial equipment
OOCU7985949,Pharmaceuticals
OOCU7902604,Solar panels
CSNU6928223,Beauty products
GCXU5326950,Fresh produce
CBHU8951306,Household goods
OOCU7346362,Wine
CBHU8903587,Bicycles
OOCU8381835,Food products
OOCU7781586,Holiday decorations
CSNU7774610,Footwear
FDCU0361847,Household goods
OOCU6938156,Empty
CSNU7631055,Household goods
EGHU9476789,Frozen seafood
OOCU7862029,Refrigerated goods
OOCU8396537,Beauty products
OOCU6405835,Pharmaceuticals
OOCU7076499,Medical equipment
CSNU7784861,Auto parts
OOCU7550083,Toys
CSNU6772378,Industrial equipment
BSIU9425364,Camping gear
OOCU7956200,Home decor
CSNU7627667,Wine
OOCU6976027,Fresh produce
CCLU7309098,Textile materials
CCLU7055389,Furniture
ONEU0084800,Holiday decorations
OOCU7025655,Sports equipment
OOCU7036916,Building materials
OOCU7571403,Office supplies
GLDU7707362,Toys
OOCU7607738,Clothing
BSIU8034468,Wine
CSNU6298103,Beauty products
NYKU4971908,Clothing
EITU1370940,Pharmaceuticals
OOCU7967652,Machinery
HMCU9172084,Beauty products
OOCU7488808,Chemicals
CSNU6414841,Books
OOCU7083456,Books
CSNU7215042,Chemicals
CCLU7093239,Holiday decorations
OOCU8066577,Food products
OOCU6871514,Kitchenware
EGHU9505470,Building materials
EGHU9563564,Food products
EITU9189558,Empty
OOCU7144130,Kitchenware
TLXU4001760,Gardening tools
OOCU8133700,Gardening tools
CBHU8902934,Medical supplies
CSNU7203972,Leather goods
OOCU5045729,Bicycles
OOCU5038904,Bulk grains
CCLU7718434,Automotive parts
EGHU9457407,Wine
NYKU0785778,Pharmaceuticals
EGHU9113968,Solar panels
CCLU6998860,Camping gear
EGHU9185762,Industrial equipment
EGHU9487865,Empty
CCLU6858663,Electronics
OOCU7458017,Beauty products
OOCU7367690,Pharmaceuticals
BEAU6061166,Building materials
EITU1422494,Solar panels
EITU1094060,Machinery
XHCU5064446,Beauty products
BEAU5718087,Medical equipment
OOCU7161008,Gardening tools
OOCU9049825,Sports equipment
OOCU9083460,Electronics
XHCU5063476,Gardening tools
CCLU4708453,Solar equipment
XHCU5063840,Frozen seafood
XHCU5064338,Chemicals
XHCU5063959,Building materials
BEAU5937948,Industrial equipment
BEAU4408662,Toys
CBHU7026210,Fresh produce
GLDU3552149,Electronics
CCLU7228247,Fresh produce
CSNU6583332,Building materials
OOCU8354357,Refrigerated goods
OOCU7301326,Machinery
EMCU9648840,Refrigerated goods
EMCU9477115,Holiday decorations
OOCU7915495,Electronics
CBHU8821998,Books
CSNU7367261,Solar panels
OOCU6946629,Solar panels
EITU1818607,Building materials
CSNU6336184,Food products
CBHU8637430,Chemicals
GCXU2283957,Food products
OOCU9003594,Construction materials
NYKU3801548,Toys
CSNU6125371,Textile materials
ONEU0084409,Food products
OOCU7031827,Toys
CCLU7267747,Toys
BEAU5500243,Pharmaceuticals
OOCU9065657,Beauty products
XHCU5064889,Pharmaceuticals
EMCU9788734,Frozen seafood
CICU2532605,Frozen seafood
GLDU0897044,Automotive parts
XHCU5064723,Fresh produce
OOCU9086433,Pet supplies
OOCU6543984,Footwear
OOCU7566264,Bicycles
OOCU7332029,Gardening tools
OOCU7375099,Bicycles
OOCU8681719,Books
OOCU7298813,Footwear
CCLU7745208,Electronics
SMCU1238099,Wine
BSIU9868526,Fresh produce
XHCU5064997,Leather goods
CSNU7534440,Pet supplies
BEAU5762789,Beauty products
XHCU5229422,Household goods
GLDU7688792,Construction materials
YMLU8721917,Machinery
OOCU8199332,Clothing
BEAU5863228,Office supplies
XHCU5064404,Solar panels
XHCU5063970,Food products
XHCU5229192,Clothing
XHCU5229145,Empty
CCLU6794949,Dairy products
OOCU7066926,Furniture
EITU9044343,Office supplies
GCXU5263620,Solar panels
BEAU4215848,Clothing
BEAU5884067,Leather goods
FDCU0574040,Construction materials
CCLU5304604,Sports equipment
EGHU9367480,Pharmaceuticals
HMCU9224824,Medical supplies
OOCU7706094,Bicycles
CSNU4075501,Wine
FDCU0502950,Art supplies
CCLU4746047,Home decor
OOCU7711629,Refrigerated goods
ONEU0149860,Pharmaceuticals
OOCU7810914,Textile materials
CSNU7537120,Medical equipment
OOCU8398294,Industrial equipment
BEAU4536827,Holiday decorations
EITU1898639,Gardening tools
MOAU7724393,Solar equipment
OOCU8050890,Bicycles
HMCU9035008,Solar equipment
CSNU7586022,Pet supplies
CSNU7568820,Medical equipment
JZPU4016209,Furniture
OOCU7654766,Automotive parts
XHCU5063985,Electronics
XHCU5064180,Textile materials
OOCU8168007,Office supplies
BEAU5337178,Clothing
EITU1334562,Solar panels
XHCU5064934XHCU5064934,Machinery
XHCU5063814,Frozen seafood
CBHU6363509,Empty
NYKU5123286,Refrigerated goods
CSNU6443670,Textile materials
OOCU7640741,Office supplies
CCLU7681401,Bicycles
CCLU7366225,Books
BSIU9469613,Frozen seafood
CBHU9162468,Bulk grains
OOCU7001967,Medical equipment
CSNU7250001,Books
CSNU7076142,Books
NYKU4977655,Beauty products
CSNU6116889,Medical equipment
OOCU7900216,Building materials
OOCU8201698,Bicycles
OOCU6826074,Fresh produce
OOCU7725622,Solar panels
XHCU5229443,Sports equipment
EITU1148336,Wine
CSNU6427140,Furniture
PCIU9108320,Home decor
XHCU5063795,Gardening tools
CSNU4071975,Clothing
CSNU7435495,Gardening tools
CICU2173779,Refrigerated goods
CCEU7499110,Kitchenware
XHCU5229314,Refrigerated goods
GLDU7641265,Leather goods
CICU2173613,Electronics
XHCU5065000,Gardening tools
CICU2173151,Home decor
OOCU7513095,Textile materials
GLDU9992675,Wine
OOCU9051376,Books
CICU2173892,Clothing
XHCU5229037,Medical equipment
XHCU5229295,Textile materials
XHCU5228982,Chemicals
XHCU5229274,Wine
CSNU7797452,Sports equipment
OOCU6716729,Sports equipment
OOCU7856108,Gardening tools
EGHU9362127,Bicycles
GCXU5644631,Medical equipment
OOCU7191471,Footwear
GCXU5486644,Automotive parts
GCXU5481431,Construction materials
OOCU6842922,Medical supplies
CSNU6023106,Empty
CICU2173589,Beauty products
XHCU5064209,Wine
EMCU8479690,Kitchenware
XHCU5384270,Auto parts
XHCU5064003,Industrial equipment
CCLU4734494,Home decor
CICU2173845,Gardening tools
XHCU5229130,Dairy products
OOCU8396970,Furniture
XHCU5064960,Medical supplies
CSNU7775793,Clothing
XHCU5268476,Art supplies
OOCU7624798,Gardening tools
OOCU6817278,Fresh produce
CEOU6022024,Food products
CICU2532647,Machinery
YMLU8988436,Food products
SMCU1213104,Industrial equipment
EGHU9739972,Machinery
XHCU5384440,Bicycles
XHCU5229206,Dairy products
CICU2173655,Textile materials
XHCU5384389,Toys
CSNU6292620,Fresh produce
OOCU8291897,Construction materials
CICU2173275,Construction materials
SMCU1098741,Wine
XHCU5229084,Bulk grains
EITU9153030,Wine
OOCU8047854,Frozen seafood
CICU2173383,Wine
GLDU7457031,Beauty products
OOCU7311725,Office supplies
EGHU9081351,Wine
CEOU6021943,Auto parts
GCXU5233097,Holiday decorations
BSIU9398192,Household goods
SMCU1018387,Art supplies
ONEU0259451,Empty
CICU2173640,Bicycles
CEOU6023674,Textile materials
XHCU5384265,Leather goods
CSNU7569200,Pharmaceuticals
BSIU9004513,Household goods
LYGU6136743,Toys
YMLU8609738,Dairy products
EMCU8202999,Office supplies
CICU2060812,Bicycles
CICU2173676,Solar equipment
GVTU5088131,Automotive parts
CICU2173634,Gardening tools
OOCU9025206,Automotive parts
OOCU8692740,Medical equipment
NYKU4833690,Furniture
XHCU5229335,Holiday decorations
CICU2173887,Food products
CEOU6022106,Art supplies
ACCU5020785,Textile materials
CBHU9027787,Medical equipment
OOCU8701939,Beauty products
OOCU8056476,Bicycles
OOCU7555510,Gardening tools
OOCU8789909,Solar panels
GCXU5381200,Home decor
GLDU0869891,Auto parts
FWRU0117781,Footwear
CBHU8801137,Machinery
BSIU9409065,Camping gear
OOCU7898314,Solar equipment
OOCU8425785,Machinery
OOCU7767736,Chemicals
XHCU5064615,Pet supplies
CICU2173378,Toys
CSNU7399145,Solar equipment
CICU2173167,Textile materials
OOCU7427016,Holiday decorations
CCLU6859675,Dairy products
XHCU5229356,Pharmaceuticals
CCLU7955816,Books
OOCU7219938,Home decor
EGHU8400270,Beauty products
CCLU7376244,Refrigerated goods
OOCU6419504,Furniture
CICU2173260,Leather goods
XHCU5229464,Clothing
ONEU0084374,Office supplies
BSIU9323249,Sports equipment
BEAU6092017,Leather goods
CCLU7853413,Building materials
OOCU8316629,Gardening tools
ONEU0237133,Pet supplies
BEAU6180761,Clothing
NYKU4738619,Pharmaceuticals
CICU2586140,Refrigerated goods
EMCU8730492,Pharmaceuticals
CSNU8029058,Dairy products
CBHU9584550,Clothing
CICU2479136,Industrial equipment
CSNU6123785,Pharmaceuticals
ACCU5017288,Building materials
CSNU7901675,Furniture
OOCU7926041,Chemicals
CCLU7224684,Beauty products
CSNU8080954,Camping gear
BEAU5782050,Footwear
GLDU7182422,Camping gear
CSNU7507379,Books
OOCU8211119,Clothing
EMCU8768754,Empty
HHXU3142130,Home decor
CSNU6625443,Industrial equipment
CCLU7811491,Camping gear
BEAU6014101,Home decor
CSNU8067680,Solar panels
CSNU6207063,Bicycles
OOCU8727569,Fresh produce
CSNU7146419,Camping gear
CSNU6151160,Footwear
GCXU5479305,Medical equipment
CCLU7613428,Fresh produce
OOCU5024747,Art supplies
YMLU8978799,Building materials
YMLU8588661,Toys
HHXU3142296,Textile materials
CSNU7158045,Pet supplies
CBHU8674330,Medical supplies
CSNU6305429,Bicycles
BSIU9216739,Frozen seafood
OOCU7246050,Gardening tools
OOCU7813507,Beauty products
EITU9076700,Automotive parts
CSNU6875376,Fresh produce
OOCU7565890,Auto parts
BSIU9781410,Holiday decorations
OOCU8798217,Industrial equipment
BSIU9783223,Footwear
OOCU8772212,Chemicals
EGHU9872183,Solar equipment
CSNU6741438,Automotive parts
BEAU4473734,Footwear
OOCU7710480,Home decor
OOCU7820471,Office supplies
CSNU7412627,Industrial equipment
OOCU9057456,Pet supplies
OOCU7896820,Automotive parts
OOCU8326910,Construction materials
CSNU7518497,Construction materials
OOCU7675100,Pharmaceuticals
OOCU9009870,Food products
BEAU5157520,Gardening tools
EQPU6426874,Sports equipment
CSNU6932563,Food products
CCLU7957085,Frozen seafood
CCLU7158941,Frozen seafood
CSNU6967071,Office supplies
OOCU9071768,Auto parts
BSIU9570090,Medical supplies
CBHU8612982,Home decor
OOCU7698527,Kitchenware
OOCU4723544,Footwear
BEAU6249261,Pet supplies
BEAU5802407,Empty
LYGU0049050,Food products
OOCU7215151,Building materials
LYGU0052286,Solar panels
SMCU1250659,Solar panels
BEAU4698279,Toys
