IMO,MMSI,Name,Call Sign,Length,Width
9229843,211382280,Ningbo Express,5LJY5,320,42
9261889,209912000,Cma Cgm Fort St Louis,5BLP5,197,30
9277400,255806008,Macarena B,CQIN4,138,22
9102746,356579000,Msc Don Giovanni,3FIV6,203,31
9220897,477642700,Nysted Maersk,VRTU5,200,30
9200691,255806004,Brussels,CQIM8,278,40
9241463,352898692,Msc Corcovado Iii,3E3603,207,29
9106493,271044398,Med Denizli,TCA3930,152,24
9196852,477318400,Sealand Washington,5LHG5,304,40
9202649,357106000,Msc Diego,3FZP8,260,32
8608200,355609000,Msc Levina,3FJR8,241,32
9253739,477321000,Oocl Montreal,VRYO3,294,32
9144134,636020871,Msc Riona,5LBC9,184,25
9162681,210001000,Alasa,C4RW2,121,18
9231846,305287000,Neuenfelde,V2DO9,133,23
9168207,636020264,Maersk Palermo,D5YK2,210,32
9126742,271001057,Roza A,TCRB7,168,27
9242560,305886000,Amelie Borchard,V2GC4,133,22
9297589,255805557,Alana,CQIH,149,22
9277383,244198000,Tina,PBKA,138,22
9222302,636014644,Msc Petra,A8VP5,300,40
9232644,636020902,Msc Nikoleta,5LBG9,185,25
8201648,357632000,Msc Eyra,H3FW,203,26
9292943,256677000,X-Press Monte Cervino,3E2365,133,20
9246530,304623000,Katherine Borchard,V2BW7,135,23
8918978,355289000,Msc Suez,HPMS,237,32
9193290,211327410,Tokyo Express,DGTX,294,32
9200811,477904300,Oakland Express,3E6015,294,32
9227326,636016437,Msc Vidisha R.,A8IY4,281,32
9294408,255805664,Maersk Launceston,CQGO,266,38
9287704,210163000,Rs Lisa,CQ2054,138,21
9237498,636093046,Hammonia Lipsia,5LCQ4,220,32
9244881,636016432,Msc Arushi R.,A8RL3,280,32
9297591,211141000,Bianca Rambow,DIFT,134,23
9083043,211217360,Spica,ESRR,151,19
9279977,357405000,Msc Poh Lin,H8FC,294,31
9168221,565221000,Maersk Patras,9V3818,210,32
9211482,538009143,W Klaipeda,V7A4374,300,43
9149328,636016805,Msc Nadriely,D5HX2,208,30
9290177,255805553,Vera D,CQID,179,27
9149897,538090029,Carla-Liv,V7A7230,184,25
9085558,636018800,Maersk Karlskrona,D5RL4,318,43
9060649,351607000,Msc Monica,3FSU7,242,32
9266530,210057000,Falmouth,5BMN2,134,23
9231248,636091155,Msc India,CQIM9,277,40
9229831,211367460,Yantian Express,5LKN3,320,42
9085546,636018912,Maersk Kleven,D5RZ8,318,42
9229300,636017173,Msc Catherine Vi,D5JQ4,299,40
9234343,413053000,Xin Tian Jin,BPAQ,280,40
9270452,413054000,Xin Qing Dao,BPAR,279,40
9227273,636015524,Irenes Resolve,ELZU6,257,32
9210086,636016415,Msc Capucine R,D5GB9,243,32
9236597,538003006,Atlantic North,9HA4188,159,24
9246322,636021547,Sl Tweety,5LEL8,211,30
9130432,212723000,Bf Fortaleza,5BWG2,121,18
9221827,255805677,Buxcoast,CQEB,300,40
9143568,310765000,London Express,ZCEV3,294,33
8918057,354353000,Msc Grace F,H9VZ,155,23
9108128,310132000,Lisbon Express,ZCBD3,216,33
9163192,255806082,Msc Uma,5LLI7,194,28
9222273,636092887,Paris Ii,D5SI7,300,40
9188518,211315100,Containerships Vi,DABH,155,22
9229829,211362460,Dalian Express,5LJY6,320,42
9144718,255805601,Jona Sophie,CQHZ,139,24
9226372,636092635,Maike D,D5IL7,133,18
9166780,636020729,Msc Ellen,5LAK6,346,42
9143544,310764000,Kobe Express,ZCEV2,294,32
9175779,477958700,Maersk Arun,S2CK6,155,25
9110389,351675000,Msc Katyayni,3FGK8,275,40
9166651,636016014,Msc Alix 3,A8CQ5,200,30
9246566,212641000,Wec Van Gogh,C4TK2,134,23
9039250,356037000,Msc Joy,3EUB5,202,31
9148025,271048694,Med Aydin,TCA6330,195,32
8715857,351356000,Msc Sariska V,3FIF9,294,32
9190731,477664600,Louis Maersk,VRTV2,266,38
9243162,636020938,Velika Express,5LBM2,243,32
9175705,304490000,Mando,V2BC4,154,25
9105970,622113176,Egy Glory,6AKO,183,25
9138305,636017405,Monemvasia,A8XA3,207,30
9149885,236111906,Fiona,ZDNF3,184,25
9190755,477648800,Leda Maersk,VRTU8,266,37
9243203,636021056,Spartel Trader,5LCA6,243,32
9226920,352335000,Msc Marianna,H0AE,303,40
9236690,255805923,Msc Weser,CQIC7,209,30
8913447,355249000,Msc Atlantic,HPMQ,237,32
9294379,220291000,Lars Maersk,OVSB2,266,38
9190743,477681900,Laust Maersk,VRTU9,266,37
9190767,477665200,Lexa Maersk,VRTV3,266,37
9243198,636020939,Sounion Trader,5LBM3,243,32
9252785,304907000,Bf Esperanza,V2BR8,135,22
8714205,356101000,Msc Sabrina Iii,3FMG8,243,33
8913423,354540000,Msc Shannon,HPRY,237,32
9008574,355129000,Msc Tasmania,HPCF,214,32
9210098,636014971,Msc Sines R,A8RQ8,243,32
9275036,636016851,Msc Juliana Iii,A8DG7,210,30
9193680,255806080,Msc Tia Ii,5LLN7,194,28
9243174,636020941,Mirador Express,5LBM5,243,32
9163207,636018230,Msc Nora Ii,9HB8591,30,8
8521402,353852000,Msc Annamaria,H3HN,188,29
9255737,244597000,Enforcer,PBHI,135,21
9227340,636016431,Msc Vaishnavi R.,A8RL2,281,32
9141792,242198100,Cielo Di Rabat,CNA5005,181,30
9141118,211235880,Wega,DHEW,151,20
9188506,211286440,Hanni,DHMW,118,18
9229312,636017306,Msc Leo Vi,D5KG9,300,40
9238741,636016429,Msc Margarita,A8IX9,276,40
9227314,636016436,Msc Zlata R.,D5GE5,280,32
9246554,304642000,Allegro,V2CQ5,134,23
9209104,357411000,Newyorker,3FIP9,207,30
9227338,636016430,Msc Julia R.,A8RK9,280,32
8413875,372862000,Msc Gabriella,3FRR,189,28
9279989,352983000,Msc Stella,H8PA,304,40
9150420,255806013,Insular,CSDD,120,20
9123788,255806011,Monte Da Guia,CSDB,127,20
9231822,636021160,Msc Shanghai,5LCO8,294,32
8618293,373120000,Msc Veronique,3EYX,294,32
9220885,477642400,Nexoe Maersk,VRTU4,199,31
9242558,305600000,Naama Borchard,V2AR8,134,23
9211494,538009126,W Kyrenia,V7A4351,300,43
9261891,215342000,Cma Cgm Fort St Pierre,9HA5071,197,30
9232565,310823000,Liverpool Express,ZCHC6,281,32
9229348,636019673,Gsl Nicoletta,D5VP6,300,39
9237151,372491000,Msc Donata,3EOS8,257,32
9204477,636016118,Joanna,D5EO2,184,25
9287687,255805627,Annamarie,CQFZ,138,21
8512906,353867000,Msc Adele,H3HO,188,28
9270440,413060000,Xin Pu Dong,BPAP,279,40
9181675,636018320,Msc Sarah,D5PE8,294,32
9192478,477642600,Nora Maersk,VRTU2,199,30
9255787,255806300,Energy,CQAX2,135,22
9162631,636018322,Msc Asli,D5PF2,217,27
9210062,636016417,Msc Glory R,D5GC3,243,32
9108130,310133000,Valencia Express,ZCBD4,216,32
9138276,636016854,Panther,D5BN7,207,30
9278155,352948000,Msc Nerissa,H3LP,294,32
9146479,636020728,Msc Vilda,5LAK5,347,43
9208875,622121427,Wadi Alrayan,SSCC,215,32
9219862,246497000,Elisabeth,PECG,118,18
9234991,209715000,Elbskipper,P3CJ9,134,22
9287792,255806327,Wec Van Ruysdael,CQAZ8,140,22
9127021,636017878,Msc Izmir F,D5ND3,167,30
9213583,636020773,Gsl Myny,5LAQ6,277,40
9153850,477711600,Maersk Kiel,5LLE3,300,43
9062984,636017056,Msc Hina,D5JC2,187,30
9162227,636020349,Maersk Kimi,D5YU6,300,43
9215311,538009125,W Kampala,V7A4350,299,45
9020352,271042494,Inga A,TCZK9,149,23
9134153,210312000,Wec Majorelle,5BSJ3,122,18
9229855,211387390,Berlin Express,5LKX4,321,42
9189354,636016979,Zim Europe,D5IR8,278,40
9256755,636015404,Methoni,D5AN2,305,40
9221815,255805678,Buxcliff,CQEC,300,40
9234355,413058000,Xin Lian Yun Gang,BPAT,280,40
9306005,231355000,Arnarfell,OZ2048,138,22
8201624,357773000,Msc Iris,H3JN,203,27
9300659,215176000,Gabriel A,9HA4995,155,25
9315020,255805555,Akacia,CQIF,149,22
9253026,636090799,Cardonia,A8FR5,222,30
9143855,242006000,Oued Ziz,8PM02,115,20
9253727,235666000,Toronto Express,ZCET5,294,32
9110391,373517000,Msc Dymphna,3EXN,274,40
9245770,220164000,Clementine Maersk,OUQK2,347,43
9162215,477728400,Maersk Karachi,VRGL4,300,43
9165360,310233000,Ottawa Express,DJOR2,245,32
9166778,636020730,Msc Aby,5LAK7,346,42
9231834,305299000,Susan Borchard,V2PW8,134,22
9204506,304134000,Holandia,5BFX6,266,46
9299044,369340000,Maersk Durban,KSKM,207,30
9074042,636016066,Msc Polaris,D5EF8,300,37
9302449,563035200,Maersk Dakar,9V5669,205,30
9287716,246191000,Fenja,PHHT,137,22
9165358,310223000,Mississauga Express,ZCBP6,245,32
9236688,255805922,Msc Elbe Iii,CQIC6,208,30
9000742,255805777,Msc Jenny Ii,CQDA,200,32
9289922,563000400,Maersk Sana,9V5240,335,43
9202663,357542000,Msc Gina,3FLY9,259,32
9203942,357506000,Msc Aniello,3FYW9,259,32
9237369,304317000,Moveon,CQBR,134,22
9203526,357388000,Nikolas,3FIJ,207,30
9152923,636018081,Belitaki,D5OC2,169,25
9215323,538009144,W Kithira,V7A4375,300,44
9299484,271044070,Martha A,TCA3420,207,30
9294381,477552800,Safmarine Nomazwe,VRKZ7,266,37
9230490,352140000,Msc Loretta,HOIU,304,40
9236262,636020663,Sc Phoenix,5LAC4,149,22
9292448,271043163,Matilde A,TCUP2,153,24
9293167,636017000,Msc Ronit R,A8IX8,294,32
9294393,477552200,Safmarine Nokwanda,VRLA4,266,38
9203954,355305000,Msc Sandra,H3LV,274,32
8913411,355363000,Msc Santhya,HPSP,238,32
9220861,311326000,Nicolas Delmas,C6SF5,196,30
9181651,354505000,Msc Ingrid,HOHA,294,32
8918954,355254000,Msc Nederland,HPMR,237,32
9251705,352870000,Msc Florentina,HPFH,300,40
9225653,636092976,Msc Alessia,D5YJ5,300,40
9283198,563052500,Monte Olivia,9V6839,272,40
9237371,209177000,Wec Vermeer,5BLR3,134,22
9143556,310768000,Dusseldorf Express,ZCEV4,294,32
9293179,636016999,Msc Mirella,A8RL4,294,32
9162643,636018325,Msc Lea,D5PF5,216,26
9085534,636018933,Maersk Kotka,D5OV9,318,43
8918966,354537000,Msc Mandy,HPRL,237,32
9064748,355746000,Msc Lara Ii,HPUD,203,31
9164237,219470000,Alexander Maersk,OZRC2,155,25
9283215,563051400,Monte Rosa,9V2090,272,40
9285990,209550000,America,P3XP9,334,43
9252541,255806078,Northern Magnum,5LME7,300,40
9147071,636016492,Msc Sao Paulo,D5GL3,294,32
9295244,211433000,Colombo Express,5LKU2,336,42
9215189,219982000,Johannes Maersk,OWFD2,216,32
9122461,341765000,Nadia,V4CL4,149,22
9234367,413064000,Xin Yan Tian,BPBA,280,40
9299501,245088000,Energizer,PHAS,134,21
8918980,355194000,Msc Jordan,HPMK,237,32
9287807,305773000,Vohburg,V2OW7,140,22
9110377,356249000,Msc Samantha,3EZB4,274,40
9219874,244180000,Freya,PECN,118,18
9290282,354712000,Msc Rachele,3EAO2,334,42
9129469,275524000,Perseus,YLRO,133,19
9244180,636021322,Elbe,5LDJ9,133,18
9182033,563886000,Kota Azam,S6BL,182,28
9194505,354932000,Taichung,3EHI,183,28
8521397,353878000,Msc Floriana,H3HP,188,28
9238698,636021289,Sc Parma,5LDF3,161,25
9253296,636090654,Northern Decency,A8CI9,260,32
9281267,354202000,Msc Ornella,H3RF,294,32
9312195,245222000,Endeavor,PHCH,136,22
9238076,215424000,Yigitcan A,9HA5108,156,25
9290787,255805780,Talassa,CQDD,277,40
9064750,356167000,Msc Eleonora,HPVY,202,30
9147215,271044659,Med Cerkezkoy,TCA4407,146,22
9202077,236648000,Rs Mistral,ZDNY3,127,20
9153862,636020350,Maersk Kalmar,D5YU7,299,43
9247546,636016106,Ensenada,D5EM2,278,40
9126924,271044978,Leyla Kalkavan,TCA4541,148,22
9302877,220379000,Gudrun Maersk,OYAU2,367,42
9302255,244850968,Spirit,PBQC,142,21
9283203,563051300,Monte Pascoal,9V8586,272,40
9020340,271041000,Martine A,TCYH2,149,23
9289180,566415000,Safmarine Cameroun,9V9863,195,34
9227039,477020100,Seaspan Felixstowe,C6GT4,260,32
9278105,636013644,Tongala,A8OK3,260,32
9304760,636017219,Chiquita Trader,D5FR9,212,30
9163984,271043491,Timucin A,TCWE9,148,24
9283186,563051200,Monte Cervantes,9V9767,272,40
9169055,636018321,Msc Adriana Ii,D5PE9,216,27
9256470,636019331,Msc Qingdao,D5UA5,323,43
9224312,311001150,Cma Cgm Chiwan,C6FN9,260,32
9294989,636021151,Msc Mundra Viii,5LCN8,333,44
9289946,563000800,Maersk Sarnia,9V5244,335,43
9305893,215416000,Marguerite A,9HA5101,184,24
9252565,211779000,Northern Majestic,DCPP2,300,40
9328651,256601000,X-Press Vesuvio,YLSL,134,20
9226918,354340000,Msc Melissa,H9VY,304,40
9230488,353666000,Msc Michaela,HOEZ,304,40
9289192,369248000,Maersk Yorktown,WSNU,195,32
9212034,538005024,Ruth Borchard,V7AL8,159,27
9304758,636017218,Chiquita Express,D5FR8,212,30
9290816,310761000,Ontario Express,ZCEU8,269,32
9246700,255806481,Independent Quest,CQET6,220,32
9297864,636016424,Msc Anya,D5GD2,294,32
9304734,636020455,Cindy,D5TU9,211,30
9290531,371228000,Msc Pamela,3EBT6,337,46
9051492,357191000,Msc Nilgun,H8MU,202,33
8505836,357702000,Msc Giovanna,3FRB9,178,32
9255775,245078000,Encounter,PHAO,135,21
9231810,636021161,Msc Hong Kong,5LCO9,293,32
9238686,304813000,Corona J,5LLI3,162,25
9216107,622113180,Egy Crown,6BBI,140,50
9130573,353695000,Uni-Aspire,3FVN8,165,29
9289104,371059000,Msc Lucy,3EBC5,325,43
9302889,220397000,Grete Maersk,OYCY2,367,42
9169031,255805947,Msc Marylena,CQIF7,216,27
9193264,563146500,Maersk Idaho,9V7730,293,32
9169043,636018323,Msc Caitlin,D5PF3,216,26
9127007,241657000,Jaguar,5LCR7,157,23
9162667,304634000,Leonie P,TCA7558,139,24
9295373,636091328,Santa Viola,A8HO3,274,40
9169029,636018324,Msc Edith,D5PF4,216,27
8917778,371057000,Msc Eloise,3ENH9,241,32
9279965,354415000,Msc Fabienne,H3SF,294,32
9275397,636015233,Msc Manya,A8ZK7,235,32
9294991,636021155,Msc Mumbai Viii,5LCO3,332,44
9333357,236481000,Andrea,CRZI,134,23
9299020,636091058,Hsl Porto,A8IY9,208,30
9236274,636020662,Sc Potomac,5LAC3,149,23
9229336,636019759,Myny,D5WA4,300,40
9297876,636016423,Msc Bhavya,D5GC9,294,32
9301457,636017045,Hsl Nike,A8FZ6,210,30
9259408,341988000,Cerus,V4EL4,227,32
9290543,371466000,Msc Susanna,3ECU4,337,46
9116369,636017582,Msc Sena,D5LQ7,201,30
9289087,255806362,Msc Busan,CQEE7,325,43
9283693,636091130,As Palina,A8JS6,210,30
9295397,371475000,Msc Carolina,3ECV5,275,40
9139646,304199000,Kreta S,V2QT2,149,23
9289116,371245000,Msc Rita,3EBW6,325,43
9315537,229236000,Ocean Castle,9HA3162,185,24
9285665,636020498,Msc Yokohama,D5VS6,300,43
9304746,636091122,Msc Antwerp Iii,5LEI3,212,30
9235567,563078400,Maersk Gairloch,9V6221,292,32
9155377,636090636,Hansa Rendsburg,A8CF4,175,28
9038907,636017006,Msc Roberta V,D5IV9,294,33
9322554,255805837,Solong,CQBI,140,22
9322542,209696000,Ranger,C4FA2,141,22
9295256,211776000,Kyoto Express,5LJE7,335,42
9299628,228353600,Cma Cgm Otello,FMEJ,334,43
9243306,477423900,Ulsan,5LHG7,257,32
9338967,636014956,Em Hydra,A8XP7,174,27
9312200,244357000,Endurance,PBKO,135,22
9242596,304416000,Star Comet,V2OF2,133,19
9306249,636019746,Contship Med,D5VY6,148,23
9231779,636015496,Msc Mexico V,D5BC5,294,32
9246712,255805803,Independent Future,CQAA,220,32
9175793,477958600,Maersk Aberdeen,VRDG4,155,25
9328637,304374000,Frederik,V2HB4,155,25
9336244,211845000,Containerships Viii,DDAF2,155,22
9253741,235707000,Montreal Express,ZCET4,294,32
9320398,229384000,Msc Lausanne,9HA3289,283,40
9051478,352138000,Msc Jemima,3EAE3,202,32
9293789,636093042,Conti Courage,5LCJ9,335,42
9123221,636016814,Msc Elsa 3,A8NR5,184,26
9298636,636013086,Independent Primero,CQTI,220,32
9126754,271001058,Tomriz A,TCRB8,168,27
8917883,311045500,Aknoul,C6YU5,122,19
9299783,228335900,Cma Cgm Tosca,FMEL,334,43
9275971,354972000,Msc Marina,HPSB,304,40
9309447,371752000,Msc Rania,3EEB3,332,43
9215907,563458000,Maersk Neston,9V3532,210,30
9320233,220414000,Gjertrud Maersk,OYGH2,367,43
9326988,304853000,Ct Daniel,CQAO9,135,22
9307059,371519000,Marcos V,3ECH9,293,40
8715869,357363000,Msc Federica,HPQE,294,32
9328649,305654000,Alexander B,V2FE7,154,24
9312212,246255000,Ensemble,PHES,134,21
9294020,636091995,Jpo Gemini,A8VF7,208,30
9285005,477920300,Oocl Atlanta,VRAR6,323,43
9289128,371851000,Msc Maeva,H9TF,325,43
9231119,636021596,Msc Madison Ii,5LES8,193,28
9290115,477014900,Seaspan New York,9V8919,260,32
9224051,636017023,Msc Rhiannon,D5IY4,188,30
9103386,374819000,Medkon Istanbul,3EZT3,100,20
9260536,271000691,Burak Bayraktar,TCCJ8,136,21
9313242,636020813,Goofy,5LAV8,215,30
9308003,538008152,Navios Summer,V7JK8,238,32
9188219,255806109,Msc Masha 3,CQIZ3,184,30
9293442,636020334,Msc Shristi,D5YT3,294,32
9326823,636018732,Msc Emden Iii,A8IF3,210,30
9241487,636020758,Bertie,5LAO6,207,30
9301201,636092240,Mastery D,A8ZB5,155,21
9301471,255805558,Msc Valencia,CQII,334,44
9224049,636017022,Msc Shirley,D5IY3,188,30
9309459,371908000,Msc Silvana,3EEI3,332,43
9300403,235010450,Ever Smart,MLBD9,300,43
9267637,636016673,Msc Pegasus,D5HF9,299,40
9298698,367775000,Maersk Ohio,KABP,292,32
9235543,563076200,Maersk Gateshead,9V6210,292,32
9299795,228340900,Cma Cgm La Traviata,FMFT,334,43
9305908,215426000,Vento Di Scirocco,9HA2043,184,24
9286449,271000742,Msc Hoggar,TCCS6,137,20
9295268,211839000,Chicago Express,DCUJ2,336,43
9295385,371474000,Msc Marta,3ECV4,275,40
9299525,255806377,Msc Toronto,CQEG6,325,43
9130597,357398000,Uni-Assure,3FHV9,165,27
8715871,371853000,Msc Pilar,H3XG,294,32
9344253,255805903,Ct Pachuca,CQIA3,139,20
9322853,636020516,Pafilia,D5ZO3,127,20
9321483,220417000,Emma Maersk,OYGR2,399,56
9235610,636017570,Msc Vera F,D5LP3,147,23
9175781,477958500,Maersk Antwerp,VRDG3,155,25
9305594,256930000,Yantian,9HA4039,350,43
9336294,305765000,Louise Borchard,V2BR2,133,20
9120853,636021408,Msc Fie X,5LDU9,347,43
9322566,304922000,Jsp Rider,V2BT5,141,22
9355812,246530000,Rijnborg,PHFZ,176,24
9315379,636015743,Msc Archimidis,D5CN5,318,43
9304411,354499000,Msc Esthi,3EFU3,337,46
9322578,255805838,Dream,CQBJ,140,22
9289556,636016853,Csl Manhattan,D5IC7,294,32
9299537,255806367,Msc Charleston,CQEF4,325,43
9299549,356093000,Msc Judith,3EGR5,324,43
9181663,353719000,Msc Matilde V,HODP,294,32
9141297,636016476,Msc Rochelle,D5GE9,293,32
9326990,255805587,Ncl Averøy,CQHL,134,23
9290103,477020200,Cscl Sydney,VRBH9,260,32
9305714,356112000,Msc Ines,3EFZ3,348,42
9295165,636020468,Msc Daisy,D5ZJ5,294,32
9359117,209570000,Asian Moon,C4EQ2,148,23
9307217,477158700,Xin Los Angeles,VRBX6,337,46
9320427,636093051,Msc Geneva,5LDD4,282,38
9167942,249096000,Merito,9HKO9,150,23
9344552,538009884,Fayston Farms,V7A5290,212,30
9308510,256932000,Cosco Hellas,9HA4040,350,43
9294836,310760000,Quebec Express,ZCEU7,269,32
9305300,563757000,Maersk Utah,9V3588,292,32
9301809,477106800,Seaspan Saigon,VRBT7,260,32
9304801,413125000,Xin Yan Tai,BPBF,280,40
9324162,538002485,Cape Flores,V7JA9,154,25
9302578,538002955,Sc Mara,V7NF9,294,32
9325441,563058900,X-Press Machu Picchu,9V8324,200,32
9311880,636091088,Leto,A8JG8,220,32
9304423,355919000,Msc Maria Elena,3EGR2,336,46
9309461,354315000,Msc Tomoko,3EEQ7,332,43
9311787,305345000,As Cleopatra,5LJS9,221,30
9323467,255806352,Jsp Rover,CQED5,141,22
9303780,256144000,Cma Cgm Navegantes,9HA5712,222,29
9315824,636016770,Odysseus,A8KC9,222,30
9344564,636020937,Msc Yurida Iii,5LBL9,212,30
9309277,636016852,Mona Lisa,D5IC6,231,32
9300805,477214700,Oocl Europe,VRBX7,323,43
9302619,636012807,Msc United Viii,A8HZ4,336,43
9202170,357962000,Uni-Phoenix,3FYQ9,182,28
9333383,636091136,Jonni Ritscher,A8JT7,177,26
9299812,215879000,Cma Cgm Norma,9HA5346,350,43
9204491,241511000,Iapetos,SVCP7,134,23
9306158,636092930,Chennai Express,D5VH7,304,40
9311799,305346000,As Christiana,V2DV4,221,30
9351098,636020515,Max,D5ZO2,127,20
9364203,304969000,Bfad Pacific,D5QB9,211,30
9300790,477105600,Oocl Asia,VRBQ6,323,43
9290139,477070800,Cscl Brisbane,VRBJ9,260,32
9161297,636018318,Msc Paola,D5PE6,243,32
9301926,565213000,Lucie Schulte,9VEK9,210,30
9307229,209251000,Pusan C,C4NK2,337,46
9321495,220478000,Estelle Maersk,OVXO2,399,56
9330513,229978000,Satie,9HA3767,222,30
9323479,255805840,Samskip Express,CQBL,141,22
9295969,215648000,Cma Cgm Sambhar,9HA5224,268,32
9355422,209850000,Andromeda J,5BKR3,140,22
9354325,230984000,Linda,OJML,141,22
9349174,636020064,Contship Joy,D5XM7,140,22
9315850,636014740,Irenes Remedy,A8WG3,222,30
9302152,372367000,One Harbour,3EIQ5,336,46
9304435,372050000,Msc Joanna,3EHF2,337,46
9302138,372104000,One Hannover,3EIC8,336,46
9299551,372051000,Msc Vittoria,3EHF3,325,43
9256365,226320000,Durande,5LMH6,175,27
9320049,255806065,Stadt Dresden,CQIT7,222,30
9336165,636018562,Msc Palatium Iii,A8KD9,209,30
9302140,372038000,One Humber,3EHZ5,336,46
9224300,477014800,Seaspan Hamburg,VRBH6,260,32
9302073,371799000,George Washington Bridge,3EES2,284,40
9320439,372123000,Msc Leigh,3EGN4,275,32
9354430,218044000,Henneke Rambow,DDVQ2,135,23
9348651,563073700,Maersk Memphis,9V6171,299,40
9307243,209979000,Le Havre,C4PW2,336,45
9301835,477581400,Seaspan Santos,VRCF6,260,32
9321512,220496000,Evelyn Maersk,OXHV2,398,56
9321500,220477000,Eleonora Maersk,OVXP2,398,56
9220079,538001652,Harrison,V7DJ6,159,26
9330068,219029762,Maersk Surabaya,5LLE2,332,44
9355434,304122000,Pegasus J,V2CF5,140,22
9347798,304979000,Jsp Skirner,V2CB9,139,22
9237149,271000653,Akhisar,5LKO4,116,18
9328039,255805841,Meandi,CQBM,141,22
9103685,353612000,Msc Brianna,3FVZ7,294,32
9306172,353117000,Maersk Puelo,3EPS9,305,40
9312781,372218000,Nyk Vega,3EIJ5,338,45
9289960,255792000,Msc Manzanillo,CQME,294,32
9301938,565222000,Hannah Schulte,9VEZ2,210,30
9334818,636092914,Okee Alicia,D5UH6,175,28
9304447,636018075,Msc Roma,D5OB2,337,47
9301770,477076300,Seaspan New Delhi,VRBK5,260,32
9349368,636019256,Lasalle,D5TQ9,200,32
9358539,255806259,Sunaid X,CQAR9,129,21
9339545,371866000,Cma Cgm Kailas,3ECM4,196,28
9301134,305506000,Theodor,V2EP6,161,25
9294185,229684000,Cma Cgm Valparaiso,9HA5559,222,30
9349215,210167000,Elbsprinter,C4RJ2,142,20
9227027,477014600,Seaspan Dalian,VRBH4,260,32
9344710,255806258,Violetta,CQAR8,178,27
9308027,538003104,Navios Spring,V7KX5,239,33
9057173,636017548,Msc Agata,D5LM5,179,25
9324837,538002734,Navios Vermilion,V7LF2,260,32
9333395,255806256,Valdivia,CQAR6,178,28
9355446,209719000,Bg Ireland,5BBU3,140,22
9295517,305213000,As Franziska,V2DH3,162,25
9320403,371860000,Msc Lorena,3EB09,275,32
9354337,230985000,Aila,OJMM,141,22
9216092,636015775,Luebeck,D5CT3,154,25
9301328,636020898,Msc Dorine,5LBG5,293,32
9312808,372531000,Nyk Vesta,3EJI4,338,46
9328041,255805842,Mirror,CQBN,141,22
9322308,563133400,Kota Lagu,9V7258,260,32
9304459,636018079,Msc Lisbon,A8LL9,337,46
9285689,636019536,Gsl Kalliopi,D5QI6,299,42
9302944,249837000,Margarete Schulte,9HA2032,210,30
9364344,636017700,Contship Bee,A8JG6,148,23
9334832,636020695,Msc Emilie,A8IU3,177,27
9360984,636020280,Skylight,D5YM8,126,22
9348649,338078000,Maersk Atlanta,WNTL,299,40
9340752,373044000,Number 9,3ESV7,260,32
9332975,338408000,Maersk Chicago,WMCS,299,40
9320697,218042000,Osaka Express,5LLI9,336,43
9308039,563127400,Gfs Perfect,9V7054,239,32
9328027,210008000,Jork Ruler,5BXR2,141,21
9322322,636013144,Zim Shekou,V7A7442,260,32
9395032,209862000,Warnow Whale,5BXD3,166,25
9355458,305055000,Pavo J,V2CN7,139,22
9302085,636020918,Msc Anahita,5LBJ2,284,40
9318046,636020497,Msc Tokyo,A8IE8,334,43
9344722,255806257,Valentina,CQAR7,179,28
9321524,220497000,Ebba Maersk,OXHW2,398,56
9371402,212267000,Contship Ivy,5BES4,141,20
9336048,372736000,Msc Sindy,3EKJ3,337,46
9341976,255806305,Ilha Da Madeira,CQAX7,129,20
9403619,538002961,Mol Proficiency,V7NH8,292,40
9312975,351249000,Nyk Oceanus,3EMR8,336,46
9320453,372737000,Msc Rosaria,3EKJ4,275,33
9308584,255805969,Msc Nina F,CQII5,138,22
9320441,255805617,Msc Carouge,CQFP,283,40
9312793,372512000,Nyk Venus,3EJG5,338,45
9108398,636020919,Msc Tiana F,5LBJ3,159,24
9334351,636015646,Em Kea,A8NN6,220,33
9332987,338525000,Maersk Columbus,WMCU,299,40
9321536,220499000,Elly Maersk,OXHY2,399,57
9349796,636092391,Msc Monterey,D5BL4,275,33
9337377,215177000,Mario A,9HA4996,184,25
9244972,564058000,Kota Hidayah,9VAL4,159,25
9103350,354602000,Medkon Gemlik,3EED3,100,20
9320702,218063000,Tsingtao Express,5LLI8,336,43
9383596,305126000,Lantau Bay,V2CW5,143,23
9355460,305115000,Spica J,V2CV3,140,23
9314210,369390000,Maersk Tennessee,KRIJ,292,33
9388388,255805480,Libertas-H,CQJB,128,20
9313955,219117000,Maersk Brownsville,OXVD2,294,32
9330927,565547000,Gfs Sapphire,S6HK5,170,26
9306213,636019225,Contship Sea,A8MJ4,168,25
9324174,636020668,Sc Memphis,5LAC9,154,25
9362322,525119170,Cma Cgm Homere,YDDM2,170,27
9339272,372973000,Msc Pina,3ELK8,337,46
9295414,538008593,Sc Montreux,V7A2549,263,32
9404065,255805878,Carlota B,CQZY,141,22
9265586,242888300,Cma Cgm Agadir,V2HU9,148,23
9375252,305411000,Skogafoss,V2EF3,130,20
9256482,636019407,Gsl Ningbo,D5UJ6,323,43
9332999,338418000,Maersk Denver,WMDQ,300,40
9315214,565449000,Maersk Serangoon,S6CH2,318,40
9300441,563004900,Ever Strong,9V5282,300,43
9322334,428404000,Zim Vancouver,V7A7438,260,32
9321897,255806458,As Nadia,CQEQ7,247,32
9285471,636019332,Msc Tianjin,D5UA6,323,43
9302956,215891000,Cma Cgm Beira,9HA2792,210,30
9294173,229734000,Cma Cgm San Antonio,9HA5576,222,30
9357872,636020153,Jonathan P,A8JE9,177,28
9354478,218098000,Ida Rambow,DFHR2,149,23
9347774,304978000,Jsp Sleipner,V2CB8,140,23
9226504,477188400,Teoman A,9HA4997,200,30
9295505,636021142,Mizar,A8MG8,162,25
9321548,220501000,Edith Maersk,OXOR2,398,56
9312987,563048400,One Olympus,9VPQ7,335,44
9347956,636019245,Contship Don,D5TP5,148,23
9321902,229391000,Cma Cgm Iskenderun,9HA5480,247,32
9330276,304220000,Sc Philly,5LAC2,147,23
9106479,271044633,Med Corlu,TCA4362,151,24
9264714,255801970,Rumba,CQOG,132,19
9404077,255806171,Lucia B,CQAG9,141,22
9329526,477883300,Oocl Kobe,VRCY7,260,32
9220067,538090400,Moraga,V7DF9,159,26
9362437,215157000,Cma Cgm Platon,9HA4985,170,27
9126766,256648000,Corelli,TCA7308,170,27
9306237,636019221,Contship Run,A8MM4,167,25
9333046,636091308,Bsg Barbados,A8LW9,222,32
9339284,352871000,Msc Candice,3ENC5,337,46
9357107,636021302,Msc Georgia Ii,5LDH2,204,28
9312999,352822000,Nyk Orion,3EPU6,336,46
9379351,215418000,Vento Di Tramontana,9HA5103,184,25
9365972,255806113,Cma Cgm Goya,CQIZ7,142,20
9295531,304474000,Peyton Lynn C,V2HD8,141,23
9324875,538003035,Navios Indigo,V7NX2,260,32
9203904,371743000,Msc Belle,H9FF,148,23
9330240,636021079,Msc Sigma F,5LCE2,148,24
9406829,636092040,Ops Hamburg,A8VS9,148,23
9362700,356298000,Emora,3EMT9,180,26
9333008,338403000,Maersk Hartford,WMHA,300,40
9315915,636020783,Msc Mattina,5LAR8,264,32
9337614,319200700,Nyk Daedalus,ZGKY8,294,32
9321550,220503000,Eugen Maersk,OXOS2,399,56
9362334,226324000,Marfret Guyane,FNMV,170,27
9347786,636017374,Contship Max,D5EL7,140,23
9428205,255806301,Rebecca S,CQAX3,129,20
9334375,636091480,Independent Horizon,CQ2080,221,33
9313967,255804350,Msc Bremerhaven,CQSA,295,32
9345415,354886000,Cosco Europe,3EOC5,349,46
9339583,636017112,Chiquita Merchant,A8MG6,209,30
9241322,235479000,Ever Excel,VSXV3,300,43
9390824,305032000,Lucy Borchard,V2CK9,133,20
9339296,354744000,Msc Asya,3EOB8,337,46
9349825,370273000,Msc Nuria,3ESE2,275,32
9318773,210731000,Msc Elke F,5BWZ4,140,22
9369758,372843000,Msc Fiammetta,3EOU7,277,40
9376048,212636000,Hanna,5BGV2,134,23
9398773,212008000,Elbwinter,5BDP2,151,22
9347762,255805967,Msc Lena F,CQII3,139,22
9337640,354891000,Nyk Nebula,3ENG6,295,32
9280861,636016204,Msc Pratiti,D5EZ6,293,32
9318175,636013001,X-Press Kilimanjaro,A8JX3,261,32
9304978,255805584,Northern Volition,5LKK3,222,30
9333010,303657000,Maersk Kensington,WMKN,299,40
9371414,255806363,Perseus,CQEE8,140,23
9344708,636091381,Northern General,A8MW8,264,32
9337626,355433000,Nyk Constellation,3FCZ6,293,32
9008603,355028000,Msc America,HOYZ,216,32
9357810,538003142,Ef Emira,CQ2079,182,25
9337262,636020991,Halsted,A8LN3,221,30
9300477,563102400,Ever Salute,9V2791,300,43
9379387,271001092,Claire A,TCRP2,185,24
9318187,636013143,Msc Cagliari Iv,A8KW9,260,36
9252735,255805987,Ef Olivia,CQIK7,220,32
9372860,636091619,Elbspirit,A8QL5,229,32
9365960,229630000,X-Press Mulhacen,9HA3465,142,20
9322346,428403000,Zim Yokohama,V7A7456,260,32
9436422,256019000,Cma Cgm Ambarli,5LBZ7,231,32
9349813,354530000,Msc Carmen,3EQT,275,32
9365829,538005042,Mukaddes Kalkavan,V7AP5,184,28
9301847,477690600,Seaspan Rio De Janeiro,VRCR9,260,32
9345427,352631000,Cosco America,3EPH4,349,46
9389306,255806123,Ef Ava,CQAA9,130,21
9337638,354212000,Nyk Meteor,3ENA9,294,32
9444273,564803000,Mol Presence,5LKN2,293,40
9348168,566780000,Maersk Izmir,9V2004,233,33
9322475,229842000,Cma Cgm Barracuda,9HA5614,294,32
9333022,338241000,Maersk Kinloss,WMKA,300,40
9334923,477056400,Cosco Oceania,VRDQ5,349,46
9265598,271044212,Med Tekirdag,TCA3591,148,21
9376036,212613000,Ruth,5BEG2,134,23
9376050,212777000,Wilhelm,5BJB2,134,22
9360996,210521000,Steen,5BUK3,138,22
9368041,305643000,Jsp Mistral,V2FD7,138,22
9351579,354745000,Msc Tamara,3EOC,265,32
9333034,338474000,Maersk Detroit,WMDK,299,40
9369007,255805577,Elbstrom,CQHB,140,23
9334387,215761000,Port Gdynia,9HA2789,220,32
9337676,636018189,Nyk Deneb,D5OO9,294,32
9301108,636092241,Faith,CQPO,155,20
9348170,566779000,Maersk Innoshima,9V2003,233,32
9404089,255806436,Kristin Schepers,CQEN9,141,22
9337444,636013689,Msc Uberty,A8OR4,333,43
9308601,255805965,Msc Talia F,CQIH9,139,23
9349526,366418000,Potomac Express,WDM2204,306,40
9313008,563061300,One Orpheus,9V5999,336,46
9342176,338071000,Maersk Pittsburgh,WMPP,300,40
9350018,636013521,Apl Minnesota,A8NM5,294,40
9432220,218627000,Vera Rambow,DFUT2,168,26
9437139,215020000,Michigan,9HA4926,166,25
9343728,218158000,Bremen Express,5LJY8,335,42
9212010,538005064,Rachel Borchard,V7AT6,159,26
9372470,356330000,Msc Krystal,3EPZ4,100,30
9388522,212931000,Elbfeeder,5BKK4,134,22
9359258,244874000,Emotion,PBKY,170,25
9386976,236465000,Wybelsum,ZDIN2,161,25
9355288,477178900,Maersk Bintan,VROX4,223,32
9351581,356205000,Msc Kim,3EPZ,265,32
9348699,636020258,Fos Express,A8PX5,294,32
9186405,211285270,Depe,5LGX5,118,18
9364992,218845000,Cma Cgm Orfeo,DFPG2,350,42
9356115,477552100,Safmarine Nuba,VRLA5,211,30
9355551,477107200,Cosco Pacific,VREC4,349,46
9218650,563722000,Zim Haifa,D5YU8,277,40
9335197,357214000,Cma Cgm Alcazar,3ENL3,294,32
9356103,477552900,Safmarine Nakuru,VRKZ8,211,30
9440590,305412000,Vento Di Ponente,V2EF4,129,20
9303754,636016895,Avni,D5IH3,223,32
9356098,477552700,Maersk Narmada,VRKZ6,211,30
9333838,372955000,Mol Experience,3ELI7,293,32
9355331,565810000,Maersk Batam,9VHF2,224,32
9372482,353289000,Msc Oriane,3EPY8,277,40
9348065,563050400,Monte Alegre,S6BH,272,40
9351218,636092855,Tasman Strait,D5QU5,175,28
9139086,563132000,Msc Polo Ii,D5JY7,184,26
9127459,256649000,Allegri,9HZP8,169,27
9365805,218844000,Cma Cgm Ivanhoe,DFPJ2,350,42
9433456,231123000,Selfoss,OZ2171,130,21
9440588,255806347,Vento Di Mezzogiorno,CQEC8,129,20
9231250,636091157,Msc Denmark Vi,A8JX9,278,40
9348675,636020252,Long Beach Express,A8OU4,293,32
9356139,219225000,Maersk Norfolk,OZDK2,211,30
9362956,304157000,Helene,V2CG3,139,23
9356127,219223000,Maersk Newport,OZDJ2,210,30
9337028,255805610,Nordic Anna,CQFI,191,28
9372872,636091657,Burgundy,ICHC,229,32
9315240,565482000,Maersk Senang,S6CH5,319,40
9322011,212357000,Msc Yosheen,5BNG2,184,25
9395070,210159000,Warnow Dolphin,5BTW3,166,25
9395123,210905000,Arsos,5BAQ2,166,25
9302176,370587000,One Henry Hudson,3ETK4,336,46
9318113,354751000,Orca I,3FPD6,294,32
9392925,565971000,Maersk Buton,9V7498,223,32
9398371,370930000,Msc Ivana,3FRH6,363,46
9394870,563102000,Maersk Bali,9V7499,223,32
9348687,636020257,Seattle Express,A8PS5,293,32
9401104,370894000,Msc Sola,3FER7,364,46
9315202,369246000,Maersk Sentosa,WSEP,319,40
9315197,369309000,Maersk Seletar,WTAA,319,40
9246346,636090710,Elizabeth,A8DM9,211,29
9356165,563044300,Maersk Nairobi,9V5824,210,30
9449699,210361000,Contship Eve,5BXY5,139,22
9401116,370993000,Msc Francesca,3FXI,363,46
9350381,215148000,Cma Cgm Amber,9HA4980,281,32
9353735,229191000,X-Press Godavari,9HA3137,155,21
9372494,370271000,Msc Soraya,3ESD8,277,40
9462794,246650000,Oocl Rauma,PBWS,169,27
9356672,229825000,Vassilis A,TCA7309,146,22
9283239,211771000,Monte Verde,9V7575,272,40
9292125,209309000,Konrad,5LBI2,175,27
9308613,636019053,Contship Fun,D5SS6,139,22
9355575,477189300,Cosco Taicang,VREV9,349,46
9303778,538009350,Celsius London,V7A4628,223,32
9290488,218062000,Baltic Bridge,5LKM6,300,43
9315226,565448000,Maersk Sembawang,S6CH3,318,40
9395599,636018185,Contship Vow,D5OO4,148,24
9355367,477552400,Safmarine Benguela,VRLA3,223,32
9395147,354839000,One Hammersmith,3FQE8,336,46
9338058,636091278,Archer,A8LN2,227,30
9393022,373021000,Msc Shay,3EUT5,339,46
9315238,565451000,Maersk Sebarok,S6CH4,318,40
9515591,255806136,Raquel S,CQAC6,172,28
9349538,408826000,Al Manamah,D5MD7,307,40
9175808,477958800,Maersk Atlantic,VRDG6,155,25
9315927,271044177,Saskia A,TCA3543,222,30
9337664,353025000,Nyk Demeter,3ENV5,294,32
9415947,229111000,Wanda A,9HA5447,184,25
9437385,477207400,Seaspan Loncomilla,VRFB3,261,32
9242297,271000677,Lucien G.A,TCCA9,154,24
9143972,235800000,K-Ocean,CQIL8,122,18
9450337,255806038,Northern Jubilee,CQIQ5,331,42
9401283,636092919,Rdo Concord,A8TG2,304,40
9399026,351361000,Msc Kalina,3ETW2,365,51
9297577,271000744,Karla A,TCCR8,155,24
9398216,477218500,Msc Antonia,D5QT7,304,40
9387425,245258000,Empire,PBRA,170,26
9106467,242640300,Casablanca A,CNA5228,133,23
9409170,636017425,Cma Cgm Corneille,A8SU4,299,40
9429194,305979000,Elbsummer,V2GK9,158,23
9450325,636091833,Northern Prelude,A8TL4,264,32
9461635,563011000,Kota Nanhai,9VHM9,180,28
9355343,563455000,Maersk Bulan,9V7693,223,32
9410741,215217000,Cma Cgm Aquila,9HA5018,363,46
9394894,563508000,Maersk Bratan,9V8044,223,32
9351593,370254000,Msc Angela,3ESB8,264,32
9434931,205118000,Caucedo Express,VRVP7,210,30
9437141,305313000,Annalisa P,V2QC8,166,26
9449819,215127000,Cma Cgm Cendrillon,9HA4971,334,43
9395159,372724000,One Hamburg,3FVW2,336,46
9415959,271040008,Bernard A,TCWN3,184,25
9395161,355271000,One Hong Kong,3FKN5,336,46
9319105,636012798,Ym Inventive,A8HX5,173,27
9410765,215196000,Cma Cgm Cassiopeia,9HA5007,364,46
9434929,477261300,Maersk Nijmegen,9HA5786,210,30
9396610,305253000,Atlantic West,9V8018,162,24
9429209,255806308,Charlotta,CQAY2,141,23
9416977,371449000,Nyk Rigel,3FNL8,294,32
9434943,477634900,Puerto Limon Express,VRFW5,210,30
9430193,212302000,Hercules J,5BDG4,151,22
9388338,636017852,Contship Ray,D5MZ8,148,24
9402029,564398000,Maersk Batur,9V8207,223,32
9266542,304855000,Bf Leticia,V2ZF3,23,7
9398450,636014222,Zim Rotterdam,A8SI8,349,46
9398400,636014219,Zim Ningbo,A8SI5,334,43
9398448,636014220,Zim Antwerp,A8SI6,349,46
9417244,477617700,Oocl Seoul,VRFU8,323,43
9450375,636020327,C Hamburg,D5WM7,334,43
9416965,357175000,Nyk Remus,3FPB5,293,32
9362724,255805611,Macao,CQFJ,180,27
9337949,413173000,Xin Da Yang Zhou,BPKE,335,43
9264740,304535000,Atlantis,V2BF5,132,20
9400289,477252600,Navarino,5LHG3,335,43
9492751,636018167,Contship Eco,D5OL9,124,21
9409352,564399000,Maersk Brani,9V8208,223,32
9380403,370507000,Dyros,5LDS7,260,32
9450428,218350000,Nagoya Express,5LMU7,335,42
9448748,477655200,Cosco Japan,VRFX5,334,43
9406611,248247000,Cma Cgm Musset,9HA2284,300,40
9491848,271040635,Vivien A,TCYC4,210,30
9390472,305079000,Jsp Bora,V2CQ4,148,24
9440150,538003580,Cape Male,V7RU3,212,32
9407146,477547100,Altamira Express,VRFN8,294,32
9450351,255806105,Northern Justice,CQIY7,331,42
9461374,371753000,Msc Alexandra,3EXX9,366,52
9450442,218364000,Frankfurt Express,DGZS2,335,42
9448762,477738200,Cosco Philippines,VRGM7,334,43
9484546,477639300,Bernhard Schulte,VRGA3,264,32
9416989,563079000,Nyk Romulus,9V7644,294,32
9450430,218352000,Budapest Express,5LMA2,333,42
9238753,636016072,Cma Cgm Algeciras,3E2328,260,32
9450399,218361000,Prague Express,DGZR2,335,42
9416991,563758000,Nyk Rumina,9V7645,294,32
9450416,218355000,Vienna Express,5LMA3,335,42
9252553,211782000,Northern Magnitude,5LNQ4,299,40
9350020,636013522,Apl New Jersey,A8NM6,293,40
9431331,304959000,Julius,V2HG9,161,25
9446104,477711300,Santa Marta Express,VRGJ3,210,30
9461386,218819000,Msc Genova,DIDK2,366,51
9298612,304619000,Ncl Haugesund,V2BU3,132,20
9406623,248432000,Cma Cgm Nerval,9HA2361,300,40
9404675,357240000,Msc Melatilde,3FYE4,365,51
9409194,215185000,Cma Cgm Lamartine,9HA5001,300,40
9321471,236635000,Gisele A,9HA3927,215,30
9399040,355233000,Msc Irene,3EZQ6,366,51
9483669,212018000,X-Press Elbe,5BZH2,152,23
9419785,636017994,Trf Partici,V7A7412,231,31
9226516,477220500,Cinzia A,9HA5106,199,30
9399038,352361000,Msc Bettina,HPFG,366,52
9349497,447077000,Al Safat,D5MD9,306,40
9387592,305978000,Elbstar,V2GK8,158,23
9319600,255805966,Msc Amanda F,CQII2,138,22
9400083,636092848,Maipo,A8SG7,306,40
9441001,371233000,Msc Paloma,3FKQ,365,50
9426817,636017514,Msc Cornelia,A8VA3,294,32
9456783,219210000,Maersk Essen,OYID2,367,49
9339595,636091495,Chiquita Century,A8OP7,209,30
9477335,255805788,Jan,CQDL,161,25
9399052,353155000,Msc Emanuela,3FKG,366,51
9212022,538005039,Charlotte Borchard,V7AO8,159,25
9450636,228368900,Cma Cgm Titus,FLVP,334,43
9466867,477963800,Cscl Star,VRHM7,366,52
9401130,371218000,Msc Eva,3EVM7,366,51
9401142,353051000,Msc Gaia,3EXO7,366,51
9362308,563677000,Kota Naluri,9VHP2,180,28
9353254,354884000,Spil Kartika,H3GY,269,32
9467055,636091835,Northern Power,A8TL6,264,32
9280809,477066100,Ren Jian 19,BQOJ,260,32
9461403,218400000,Msc La Spezia,DIGX2,366,51
9395082,212917000,Fouma,C4WT2,166,25
9406960,636020401,Okee Cuno,D5ZA9,176,28
9344681,636091479,Maersk Venezia,VRUL2,186,28
9450404,218366000,Sofia Express,DGZT2,335,42
9398412,636014221,Zim San Diego,A8SI7,334,43
9461398,354462000,Msc Rosa M,3FDM4,366,51
9444728,219077000,Santa Isabel,OXWU2,300,42
9389708,249509000,Zim Monaco,9HTY9,260,32
9313199,636091997,Baltic Tern,5BSB4,170,27
9353723,636092357,Lola B,CQAS3,155,21
9461427,218441000,Msc Livorno,DIGY2,366,51
9467419,371582000,Msc Laurence,3FUT9,366,48
9403229,249830000,Zim Luanda,9HA2029,260,32
9504047,305648000,Phoenix J,V2FE2,152,23
9467407,353428000,Msc Lauren,3FZR5,366,48
9463011,235082896,Edison,2DXY2,366,48
9483671,209467000,X-Press Agility,5BMB3,152,24
9481532,636092181,Hammonia Baltica,A8XY2,225,30
9365855,271042433,Mustafa Dayi,TCZF2,183,28
9458999,370458000,Brooklyn Bridge,7KPG,267,36
9436290,209380000,Samskip Endeavour,5BEY3,140,22
9308390,538090305,As Constantina,5LDH6,221,30
9436214,209361000,Samskip Innovator,5BEX3,141,22
9480174,636092212,Msc Alicante,9HA5884,270,40
9458030,219199000,Maersk Edmonton,OYHV2,366,48
9443580,538008756,Synergy Antwerp,V7A2726,260,32
9396696,209322000,Cma Cgm Galicia,CNA5982,152,24
9431692,538003717,Tanja,V7ST5,261,32
9494632,563082900,Kota Nebula,9V6396,180,28
9461441,636092188,Msc Bari,A8YD3,366,51
9480186,636092269,Msc Barcelona,9HA5887,270,40
9311701,368053000,Maersk Kansas,WMKQ,292,32
9410789,215249000,Cma Cgm Columba,9HA5028,363,46
9483683,255701240,Nieves B,CQFO,151,24
9525857,215237000,Umm Salal,5LLQ5,366,48
9445916,538004165,Cape Moss,V7VN5,212,32
9404091,305268000,Henrike Schepers,V2HS5,141,22
9469560,357891000,Msc Teresa,3FZP9,366,51
9450624,228337900,Cma Cgm Dalila,FLSQ,334,43
9448786,477831200,Cosco Indonesia,VRHE3,334,43
9450923,305487000,Ren Jian 17,BJWN,260,32
9448815,477266900,Cosco Vietnam,VRID5,334,43
9343089,256318000,Sine A,9HA3885,222,30
9467263,477213400,Cscl Jupiter,VRIL4,366,52
9484924,241311000,Express Berlin,SVBY4,349,46
9491484,244265000,Esperance,PBEZ,168,26
9466245,477795300,Cosco Glory,VRIR7,366,48
9480203,218847000,Msc Cadiz,DITI2,270,40
9344667,636091434,San Alfonso,A8NQ7,186,28
9461489,354778000,Koi,D5NZ4,335,43
9492505,305741000,Bernhard Schepers,V2HS6,150,23
9472153,477764600,Cosco Pride,VRIV3,366,48
9461623,538007683,Constantinos P Ii,V7EY8,261,32
9399806,636091750,Windswept,9V8373,224,31
9472177,477397800,Cosco Harmony,VRJA4,367,48
9456965,255805661,Msc Odessa V,CQGL,262,32
9350032,564397000,Apl Florida,9HA4766,293,40
9299032,236111804,Maersk Douala,9V5667,208,30
9386718,212706000,Navi Baltic,CQYE,168,25
9504059,212787000,Elbblue,5LKI7,153,24
9447897,636092780,Tempanos,A8VP9,300,45
9569970,636092784,Tucapel,A8VQ3,300,46
9447859,636092781,Teno,A8VP7,300,46
9467299,477274400,Cscl Saturn,VRJS5,366,52
9467287,477424600,Cscl Mars,VRJG2,366,52
9525936,229007000,Jebel Ali,5LLI4,366,48
9430375,219088000,Santa Teresa,OXAW2,300,43
9447873,636092783,Tubul,A8VP8,300,46
9459278,413526530,Ren Jian 15,BJWK,260,32
9484455,636092271,Msc Rapallo,A8ZV3,366,48
9306251,304747000,Mauren,V2OY4,148,23
9301990,249771000,Msc Aldebaran Iii,D5YM3,206,32
9491501,244255000,Escape,PBBU,169,26
9483695,244201000,Nordica,PCSK,151,23
9290414,636091672,Oocl St. Lawrence,V7A7454,294,33
9356684,256589000,Alexandra A,9HA2886,145,22
9376907,305147000,Cma Cgm Ventania,CQAH9,162,25
9474395,255806451,Nordic Italia,CQEP8,158,24
9492701,477866300,Seaspan Kobe,VRHY6,268,35
9372585,256579000,Vera A,9HA2885,145,22
9390812,352921000,Medkon Nls,3EYZ5,133,19
